"","x1","x2","y"
"1",-60.0127229932696,-39.5079270470887,1
"2",66.9513016939163,16.7297910433263,-1
"3",44.4526402279735,-0.720808329060674,-1
"4",-20.8532921038568,-18.0375510826707,-1
"5",50.4731317516416,7.63138206675649,-1
"6",-58.2435227930546,-99.7921721544117,-1
"7",-7.44056622497737,8.31611617468297,1
"8",-2.10544485598803,-16.5867309086025,-1
"9",25.1120152883232,-25.6956134922802,-1
"10",70.4102321527898,54.2932011652738,-1
"11",25.3381907939911,-0.591700104996562,-1
"12",-52.1225722506642,-84.9613663274795,-1
"13",-96.1480775848031,77.068973146379,1
"14",56.1219493392855,-6.64504263550043,-1
"15",-6.40377355739474,-81.1444218736142,-1
"16",6.18046140298247,-40.8972483593971,-1
"17",61.2007333431393,86.5002019330859,1
"18",-62.7621258608997,-26.4962517656386,1
"19",72.2703784704208,58.8073936291039,-1
"20",57.5843753293157,-18.6737576499581,-1
"21",86.8494170717895,-75.480694975704,-1
"22",23.0617151595652,51.2862325645983,1
"23",-85.7529337517917,-20.4423046205193,1
"24",57.4613157659769,-25.75693433173,-1
"25",85.359038412571,-16.0555413458496,-1
"26",-80.6139529217035,24.2618379183114,1
"27",-12.8108218312263,9.59250465966761,1
"28",-7.87203470245004,93.1187929585576,1
"29",-54.7469646669924,98.8763475324959,1
"30",72.3385348916054,-60.8426712919027,-1
"31",-37.3975158203393,-72.824062500149,-1
"32",-80.0613455008715,-38.4494532365352,1
"33",-54.5664588920772,-60.4281678330153,-1
"34",5.27968262322247,-94.7193893603981,-1
"35",-77.7007159311324,-15.6451342627406,1
"36",-69.4968496914953,-36.2131701782346,1
"37",67.2191677149385,-25.8257315028459,-1
"38",-75.2036965917796,54.6172421891242,1
"39",56.8837080616504,2.23596077412367,-1
"40",-15.7695941161364,-60.0261241197586,-1
"41",81.0276998672634,63.4649378247559,-1
"42",98.3807344455272,47.9967867024243,-1
"43",-91.1067542620003,72.1653273329139,1
"44",-50.6166455801576,85.0288256071508,1
"45",84.8066991195083,-30.8400985784829,-1
"46",-55.2393410820514,56.8801382556558,1
"47",50.8587563876063,52.2696252446622,-1
"48",29.1314506437629,-21.7261184472591,-1
"49",7.34389182180166,-19.3602884188294,-1
"50",96.7429486103356,-94.1206735093147,-1
"51",90.2926956769079,41.6612526401877,-1
"52",-56.448390847072,24.5626751333475,1
"53",52.3046677466482,75.3719806205481,1
"54",19.3220310844481,-17.5587326288223,-1
"55",-38.7657220941037,52.4105289019644,1
"56",4.60670539177954,-69.0581725444645,-1
"57",52.9347449075431,-94.9492918793112,-1
"58",-39.3076714593917,-6.88005918636918,1
"59",-9.71721382811666,91.0813975147903,1
"60",67.6905895583332,44.8811383917928,-1
"61",11.7206291295588,-19.3795398343354,-1
"62",99.3377225939184,-26.1391759384423,-1
"63",25.3117000218481,9.84401013702154,-1
"64",12.3004237189889,-61.595908831805,-1
"65",-29.8116846010089,-46.543141361326,-1
"66",-56.6837325226516,3.17074763588607,1
"67",-73.4937207773328,-83.7171772029251,-1
"68",-37.2016695793718,65.9984183963388,1
"69",36.833962937817,77.9664650559425,1
"70",-94.7572896722704,-38.3616256993264,1
"71",-78.3534439280629,80.9621923603117,1
"72",-62.4433593824506,23.2291575986892,1
"73",-67.3352313693613,-56.8156937602907,1
"74",99.142636032775,78.4861331805587,-1
"75",-17.5655880477279,90.2032681275159,1
"76",-7.27230571210384,-20.2362301759422,-1
"77",74.4042141363025,53.5284243058413,-1
"78",23.7525841221213,-54.2415581643581,-1
"79",47.2299806308001,-66.1067117936909,-1
"80",14.3741728272289,-12.2944603208452,-1
"81",-51.9244329072535,-86.7066235747188,-1
"82",-25.5228746216744,-55.0233488436788,-1
"83",-44.6848416700959,-86.4905583206564,-1
"84",-46.5084315743297,18.2874226476997,1
"85",64.6316829603165,22.5499365013093,-1
"86",53.0375667382032,-13.3026845753193,-1
"87",49.4788851123303,-91.1346684210002,-1
"88",64.2616925295442,-69.7454929351807,-1
"89",32.2095652110875,13.8585569802672,-1
"90",-85.3293647523969,94.2730495706201,1
"91",88.4612628258765,93.3790621347725,-1
"92",80.733726080507,-61.2484205048531,-1
"93",37.8946667537093,-62.2752638999373,-1
"94",-79.1811623144895,51.8090256955475,1
"95",36.6804715245962,-54.9433835316449,-1
"96",14.6634391974658,-38.9647046569735,-1
"97",55.6878173723817,-21.3922536931932,-1
"98",62.835715059191,-42.5338892266154,-1
"99",-36.8908383883536,-84.9169747903943,-1
"100",-6.34645009413362,-91.2005693186074,-1
"101",48.9435635507107,46.7915046960115,-1
"102",-90.3272249270231,40.9266210626811,1
"103",34.5659848768264,-85.912003647536,-1
"104",8.42708223499358,-76.3374093919992,-1
"105",-38.83798411116,78.3783653751016,1
"106",14.5472888834774,-52.2156377322972,-1
"107",4.04165107756853,90.9058414399624,1
"108",-82.8699287958443,46.4453257620335,1
"109",12.4193782918155,-10.9483165666461,-1
"110",-96.416523354128,59.9860886111856,1
"111",-5.01606171019375,28.0780171044171,1
"112",1.94191844202578,95.8867707755417,1
"113",64.2418596893549,-76.1753858067095,-1
"114",-72.1145609393716,-83.0432551912963,-1
"115",-66.31063320674,-65.6548019498587,-1
"116",-6.26516155898571,60.5789134278893,1
"117",-41.9720360543579,47.0503319520503,1
"118",95.0830078218132,17.7783882245421,-1
"119",67.253628000617,-88.1713916547596,-1
"120",-28.1446193344891,-84.7236880101264,-1
"121",-27.9513361863792,-43.9220994710922,-1
"122",11.4130827598274,60.5106737464666,1
"123",10.5158615391701,85.7483468949795,1
"124",93.5675727203488,92.3925946932286,-1
"125",-7.53425117582083,86.6412347648293,1
"126",9.92107950150967,59.7098908852786,1
"127",-57.0200346875936,73.3407732099295,1
"128",-44.6178508456796,53.9158497005701,1
"129",-91.46389500238,71.4655844960362,1
"130",53.2075813040137,-39.6159040275961,-1
"131",-86.4014658145607,-73.5584650188684,1
"132",8.50968626327813,75.9148922748864,1
"133",-11.5146260242909,85.8276620041579,1
"134",-34.6699290443212,45.341126807034,1
"135",-29.5711280312389,46.7087117955089,1
"136",68.9572856295854,-45.1615811791271,-1
"137",-84.892333811149,-53.3471942413598,1
"138",73.8621501252055,97.3062073811889,1
"139",-46.1184391286224,39.4180543720722,1
"140",13.4014247450978,-47.0270451623946,-1
"141",-73.5393142793328,-27.6514053344727,1
"142",-30.2548611070961,-53.8037533406168,-1
"143",59.1544451192021,94.1410847008228,1
"144",-99.5053726714104,-6.70597478747368,1
"145",50.3534812480211,-52.4797661229968,-1
"146",-5.12271178886294,25.5790945142508,1
"147",-97.2510877996683,-70.1038194354624,1
"148",-38.8787534553558,-86.4761815406382,-1
"149",-30.3072054870427,-18.3310473803431,1
"150",-35.3450991213322,-39.4769940990955,-1
"151",99.0113614592701,34.1495708562434,-1
"152",-93.1024813093245,68.7527801375836,1
"153",81.5683111548424,39.3040189053863,-1
"154",-73.47790049389,-4.16722130030394,1
"155",-23.4828979242593,34.4989088829607,1
"156",45.1338627375662,-11.9972643442452,-1
"157",-10.143306106329,-4.00936095975339,-1
"158",9.30052977055311,-21.8294935766608,-1
"159",38.8725573662668,-24.6747680008411,-1
"160",-32.7167309820652,0.839320151135325,1
"161",76.4932674355805,-34.9855380598456,-1
"162",-44.7761570103467,-89.5184533670545,-1
"163",-49.8138986993581,81.6661646123976,1
"164",96.3495133444667,82.5212453491986,-1
"165",24.1266948636621,98.076414084062,1
"166",-61.8494482710958,-23.5336608719081,1
"167",-21.7465076595545,-64.6865012124181,-1
"168",-35.5814890004694,21.6816820204258,1
"169",48.2653869781643,-46.2158258073032,-1
"170",80.763227166608,1.24373002909124,-1
"171",-73.5820768866688,69.4341277703643,1
"172",-60.4052978567779,-16.17560996674,1
"173",-49.3616340681911,-63.9858360402286,-1
"174",-20.103313960135,-82.4477625079453,-1
"175",31.6329380031675,-28.3536470960826,-1
"176",31.0405310243368,14.6630574483424,-1
"177",17.4419904127717,-1.6801399178803,-1
"178",57.0749980863184,4.39279107376933,-1
"179",-99.4616190437227,76.9707842729986,1
"180",-65.9612129908055,89.2252942081541,1
"181",-71.5049851220101,-79.5117338653654,-1
"182",93.6128882225603,-46.882829349488,-1
"183",4.82729589566588,92.3221678938717,1
"184",-9.40824365243316,-23.2944787479937,-1
"185",50.4556635394692,-36.8924715090543,-1
"186",-43.2779248338193,91.959053138271,1
"187",-58.6408578790724,-89.5706132054329,-1
"188",-14.5108455326408,-73.7207430414855,-1
"189",-20.2528177760541,51.0765842627734,1
"190",-77.3265643976629,8.56290673837066,1
"191",43.0728165898472,-50.936217000708,-1
"192",77.1636947523803,23.434048332274,-1
"193",50.0212222803384,-92.6258913241327,-1
"194",85.4912399314344,-55.4486206267029,-1
"195",74.0316049661487,-62.4733123928308,-1
"196",15.1379589457065,-81.0059715528041,-1
"197",-82.0424765348434,-94.0019477624446,-1
"198",-75.1450827345252,-61.5149552002549,1
"199",-80.5589431896806,-6.20926539413631,1
"200",-89.9559563025832,4.02833456173539,1
"201",34.1203419025987,-46.4690311811864,-1
"202",-74.978603515774,5.89540894143283,1
"203",-18.5716518200934,93.565912777558,1
"204",74.827726604417,-36.1547460779548,-1
"205",-65.8426227513701,-32.0863197557628,1
"206",-29.522507917136,51.4315481763333,1
"207",-13.3601860143244,-64.9225600995123,-1
"208",49.024721281603,71.1319725494832,1
"209",81.9113853387535,-68.7281802296638,-1
"210",59.1381137259305,-99.172616424039,-1
"211",43.4088431764394,47.4467156454921,-1
"212",-85.5895145796239,35.2827655151486,1
"213",44.5781697053462,-88.5422511026263,-1
"214",-39.129427773878,-69.7759815491736,-1
"215",-67.3456475138664,40.1385371107608,1
"216",84.571060910821,-5.83449951373041,-1
"217",-59.9815275054425,56.3484047539532,1
"218",54.09329039976,-32.0165269076824,-1
"219",99.5544160716236,62.8827597480267,-1
"220",25.85189929232,9.29223252460361,-1
"221",-32.0856237318367,-43.1386246811599,-1
"222",-78.3327924087644,24.1132840979844,1
"223",-31.1532271560282,95.4333894420415,1
"224",-63.6278837453574,-41.1448348779231,1
"225",16.3698084186763,59.507852466777,1
"226",-87.6045308075845,40.4547515325248,1
"227",90.5948592349887,76.7401384655386,-1
"228",48.1738574802876,-56.0270577669144,-1
"229",-56.9459846708924,-73.9969014190137,-1
"230",26.3656421098858,66.9574896339327,1
"231",-67.3563556745648,-29.8857667483389,1
"232",-14.5081636495888,54.4821885414422,1
"233",74.7455749195069,-57.7096606604755,-1
"234",78.3997880294919,59.8331389017403,-1
"235",-8.87088044546545,-87.4750811140984,-1
"236",-73.63560651429,67.0007430016994,1
"237",79.2710253037512,-95.8389386534691,-1
"238",91.1099746823311,-68.4687414672226,-1
"239",-18.9968929626048,-51.6369879245758,-1
"240",76.6131447162479,84.6905425190926,-1
"241",41.5444221813232,40.19561172463,-1
"242",83.726078690961,-96.5893800370395,-1
"243",32.914602663368,-98.5253330785781,-1
"244",-82.7869535889477,30.8000070508569,1
"245",51.8916205503047,-15.2576762251556,-1
"246",-5.16382581554353,-12.5958652701229,-1
"247",45.4157601576298,61.6472234483808,1
"248",-90.1901542209089,-4.24815565347672,1
"249",87.0634390506893,-76.9160066265613,-1
"250",-52.7562244329602,-26.2565373443067,1
"251",38.9864129479975,-23.2644369360059,-1
"252",70.8016489166766,97.1900730859488,1
"253",42.1730578877032,31.4140118192881,-1
"254",27.0699474494904,8.12136773020029,-1
"255",64.4280673936009,-53.4556744620204,-1
"256",-12.157064024359,-23.2622755225748,-1
"257",6.52100504375994,77.5768310762942,1
"258",32.4851524084806,-0.534977996721864,-1
"259",-71.2350957095623,79.4198157265782,1
"260",33.6042364593595,11.1698534339666,-1
"261",-63.9357762876898,-32.4892634060234,1
"262",-90.0460039731115,30.3265979047865,1
"263",-19.6605738718063,21.3313386309892,1
"264",-30.7255681138486,-95.8446471020579,-1
"265",8.53938995860517,-42.8714490029961,-1
"266",-96.714973449707,93.7208566349,1
"267",33.7479891721159,-70.0828169006854,-1
"268",-2.50810608267784,-26.4236354269087,-1
"269",-18.032336095348,58.0990800634027,1
"270",54.4561945833266,21.407117228955,-1
"271",-22.5118913687766,-41.8977336026728,-1
"272",-67.2059466131032,86.4731232635677,1
"273",-64.2072478309274,-75.5760865285993,-1
"274",80.4993527010083,-96.2844333611429,-1
"275",-89.7225921042264,0.0205515883862972,1
"276",-16.7604996822774,88.6279726866633,1
"277",-57.6160168275237,-88.3543100673705,-1
"278",15.4591743834317,46.3537742849439,1
"279",-35.9419699758291,82.2608072776347,1
"280",93.5583558864892,-29.903254006058,-1
"281",65.4800463002175,96.3858051225543,1
"282",-59.5735865645111,28.3399249427021,1
"283",-62.6773884985596,-68.6837387271225,-1
"284",40.0739416480064,-41.5523407049477,-1
"285",-64.8856874555349,41.934681776911,1
"286",-17.7390717435628,-33.9777712710202,-1
"287",63.6217342223972,34.395555825904,-1
"288",-51.3890075497329,70.1994991395622,1
"289",-86.978902015835,-86.5764907561243,-1
"290",-19.605161016807,-11.9666109792888,1
"291",-6.55133021064103,66.9376123230904,1
"292",55.2463162690401,-58.5956443566829,-1
"293",-10.0019269157201,37.2226220089942,1
"294",7.47451893985271,64.1652863938361,1
"295",-40.1307919993997,28.1480843666941,1
"296",-54.949148138985,87.2582660522312,1
"297",90.5735750682652,66.1543349735439,-1
"298",-87.4141667969525,44.8117717169225,1
"299",90.318711521104,32.5023855548352,-1
"300",40.9809879027307,77.4953395593911,1
"301",93.9767408184707,-51.1748329736292,-1
"302",-25.6236792076379,67.3066986259073,1
"303",96.3734684512019,-45.8817717153579,-1
"304",-73.346613580361,46.1552930530161,1
"305",18.1891684886068,71.1058262735605,1
"306",85.332094412297,41.5366337634623,-1
"307",74.4457183871418,57.4755310546607,-1
"308",-54.1258643381298,-81.5960727166384,-1
"309",83.4773904643953,-65.7755876891315,-1
"310",-20.6192519515753,-37.8205172717571,-1
"311",-99.9252733308822,-36.1331176944077,1
"312",-42.9181092884392,-24.7750614769757,-1
"313",93.1526252068579,-92.2696791123599,-1
"314",4.89223664626479,-17.6075940020382,-1
"315",42.4767117016017,53.4388581756502,-1
"316",-8.01247116178274,93.9066348131746,1
"317",55.7457453105599,0.313394330441952,-1
"318",30.8980141300708,99.9616725370288,1
"319",41.4434925187379,-63.9673612546176,-1
"320",-17.4771037418395,7.39291929639876,1
"321",-96.4876477140933,86.2007458228618,1
"322",70.5142653081566,29.3498863931745,-1
"323",34.3889732379466,82.7634762972593,1
"324",53.0848268885165,11.7694734595716,-1
"325",21.7739562038332,-30.4635995998979,-1
"326",-25.2511182334274,42.2747780103236,1
"327",60.9723296482116,96.1084398441017,1
"328",44.3282650317997,16.9022588524967,-1
"329",-7.81278074719012,-4.97071309946477,1
"330",40.6352711375803,-3.83826140314341,-1
"331",-58.9490219019353,74.0985186304897,1
"332",43.9164522569627,-90.9425349906087,-1
"333",23.9787435624748,4.84177991747856,-1
"334",-98.6886420287192,21.4785569813102,1
"335",45.5628310330212,-40.8446372486651,-1
"336",63.761509116739,-19.3635321222246,-1
"337",83.4106031805277,22.5404776167125,-1
"338",39.6702213212848,-90.3195399791002,-1
"339",40.5354308895767,-97.5163375493139,-1
"340",82.2039606980979,-7.478212332353,-1
"341",86.3971368409693,-67.6825446076691,-1
"342",-80.3245502058417,-65.1825076900423,1
"343",27.5367233436555,-67.135651409626,-1
"344",92.6788446493447,-11.8365966249257,-1
"345",64.5049521233886,24.4843292050064,-1
"346",-15.5352919828147,-5.54688619449735,1
"347",-30.7286232709885,-75.3574623260647,-1
"348",-39.6517334505916,49.0875063464046,1
"349",58.899350091815,65.2550747152418,1
"350",89.645562088117,99.9176647514105,-1
"351",-75.5359539296478,31.1191018205136,1
"352",69.0120377577841,-99.4316661730409,-1
"353",63.9344563242048,-78.3549890387803,-1
"354",80.2907732781023,14.3124178051949,-1
"355",83.1592477858067,-94.8430090211332,-1
"356",-47.0203242730349,-64.7116308566183,-1
"357",-91.7977474629879,54.3928790371865,1
"358",62.3541856184602,-49.1777889896184,-1
"359",82.7359148301184,35.9138763975352,-1
"360",22.1770470961928,38.5729428380728,1
"361",-80.509904678911,-26.0514247696847,1
"362",-54.7907409258187,97.3142086993903,1
"363",52.2909170947969,-49.2198935244232,-1
"364",-58.2828644197434,43.9785934519023,1
"365",-30.7963092811406,76.4872916042805,1
"366",21.7229901347309,72.7645947597921,1
"367",30.2807650063187,-32.7809581067413,-1
"368",66.6708650998771,70.148941129446,-1
"369",3.16500887274742,-41.658545518294,-1
"370",-26.3569737784564,22.6994334254414,1
"371",-24.6512035373598,6.98567843064666,1
"372",29.536545695737,9.3571288511157,-1
"373",-84.9618784617633,-12.4117699917406,1
"374",68.9287120476365,-96.2185154668987,-1
"375",74.968647910282,75.7057743612677,-1
"376",-85.1196564733982,-82.8591763973236,-1
"377",-83.8212438393384,-92.9294725414366,-1
"378",-33.5786583367735,26.130478689447,1
"379",15.0778234004974,95.9568244405091,1
"380",11.9289381895214,56.0441553592682,1
"381",-35.5657834559679,-7.66739728860557,1
"382",85.7606420759112,26.4948730822653,-1
"383",35.8722790144384,90.4268649872392,1
"384",-88.5909658391029,29.7991047613323,1
"385",47.0956780482084,15.1290557812899,-1
"386",-42.6583311054856,20.4046380706131,1
"387",-61.6638411767781,24.0460474044085,1
"388",2.67613711766899,60.1714336313307,1
"389",94.614703161642,49.5161738246679,-1
"390",92.5842464901507,8.64705741405487,-1
"391",-5.12055442668498,81.0997081920505,1
"392",89.2734446097165,47.2702509257942,-1
"393",-3.79703962244093,87.4633634928614,1
"394",22.344046458602,89.1652073245496,1
"395",-96.7319497838616,-12.7528321463615,1
"396",34.7349177114666,-81.3632649835199,-1
"397",-52.0760964136571,-16.6733218356967,1
"398",33.0989439506084,-3.07879871688783,-1
"399",-75.0322546809912,24.7015146072954,1
"400",93.4121399186552,-3.23745086789131,-1
"401",-50.4744311328977,-93.4226218145341,-1
"402",-20.9165904670954,-58.8955778162926,-1
"403",-99.1760715842247,36.0131231602281,1
"404",54.6635650563985,-41.7318550404161,-1
"405",-25.8198245428503,-58.7673868052661,-1
"406",-8.36907597258687,96.882556611672,1
"407",-99.9006373342127,31.1874106992036,1
"408",72.5827602203935,-88.5868842247874,-1
"409",-49.9913951382041,69.295335887,1
"410",-47.0916665624827,-63.3663265965879,-1
"411",-20.7094062119722,38.4420190006495,1
"412",-12.8088020719588,10.3692824020982,1
"413",-68.8926441594958,17.0265110675246,1
"414",88.6529758572578,61.6664449218661,-1
"415",13.0410001147538,16.1523689515889,1
"416",-22.6393842604011,-77.3574283812195,-1
"417",88.7236043345183,-33.0865500029176,-1
"418",-26.9652341492474,-28.5806601401418,-1
"419",89.6364731248468,-70.0987889431417,-1
"420",8.43308959156275,-26.2258736416698,-1
"421",48.3630905859172,-90.9879802260548,-1
"422",-90.3203240595758,-32.5941972900182,1
"423",96.4634101837873,51.690227817744,-1
"424",-50.2207638230175,2.33231652528048,1
"425",-51.1430825572461,28.3761017490178,1
"426",-75.743739400059,-32.0503930561244,1
"427",10.4333412833512,7.44243143126369,-1
"428",12.1194849256426,-53.3383768517524,-1
"429",72.5383513141423,-31.9668930955231,-1
"430",-33.2219944801182,66.1183497402817,1
"431",15.1279099285603,82.0725477300584,1
"432",-25.735595356673,35.617722151801,1
"433",31.1039682943374,-90.4233993962407,-1
"434",-3.16862189210951,52.1531600505114,1
"435",-10.3652933612466,-60.6959903612733,-1
"436",-63.9328917954117,-38.9540041331202,1
"437",-18.5401364695281,41.1405031569302,1
"438",-89.9247786961496,-45.4229701310396,1
"439",-20.4483973793685,-20.8688903599977,-1
"440",-35.826879972592,51.4320040587336,1
"441",30.0584916956723,-39.4099581055343,-1
"442",59.6820798702538,-97.9779629968107,-1
"443",-76.0878462810069,30.5755252484232,1
"444",-98.7163121346384,68.9733389299363,1
"445",71.028232621029,69.7780069895089,-1
"446",-6.73149796202779,17.7095764316618,1
"447",34.5980017445982,-8.98254481144249,-1
"448",19.8554869741201,-74.6051847469062,-1
"449",-96.0498687811196,-49.9196219723672,1
"450",-92.7883849944919,-73.9872797392309,1
"451",-33.421135134995,44.8104333598167,1
"452",-17.723206197843,78.0491016805172,1
"453",-18.7696978915483,46.0066148545593,1
"454",-49.3917590007186,-56.6384150180966,-1
"455",65.8857150934637,10.6315945275128,-1
"456",38.5783472564071,63.714614091441,1
"457",-20.5316801089793,-73.6629764083773,-1
"458",-96.7246511485428,26.0484727565199,1
"459",13.3529512677342,-21.75885415636,-1
"460",88.9814767055213,19.2129353992641,-1
"461",-41.7412066366524,-99.9512914102525,-1
"462",-95.7666249014437,71.0820091422647,1
"463",-88.3422625716776,-38.1704591214657,1
"464",-8.80619934760034,-22.1130421385169,-1
"465",47.8533720131963,-19.8692560195923,-1
"466",-29.6550657600164,94.2333966959268,1
"467",0.990449171513319,28.6445391830057,1
"468",51.0940380394459,-88.4607912041247,-1
"469",9.87067148089409,-98.7772348802537,-1
"470",-19.3442048039287,-31.9973606150597,-1
"471",77.4193710181862,61.0350511968136,-1
"472",80.2838898729533,-21.0914398077875,-1
"473",36.6667774505913,-19.3047638982534,-1
"474",-29.7095220535994,-90.3134329244494,-1
"475",-25.0324662774801,16.8987709563226,1
"476",96.8462758697569,20.8281552884728,-1
"477",-26.7354199662805,9.53650088049471,1
"478",-13.4677697438747,-22.8452762588859,-1
"479",79.407173814252,13.7814927846193,-1
"480",-83.3214883226901,41.7201293632388,1
"481",-28.3981706015766,2.08771242760122,1
"482",-16.4886449463665,15.6676198821515,1
"483",-58.5110367275774,88.5761303361505,1
"484",-36.1744394060224,-58.5627699736506,-1
"485",86.0516257584095,-73.3703499659896,-1
"486",-10.1448493544012,31.3421694096178,1
"487",64.3245226237923,72.2017753403634,1
"488",23.7231908366084,-80.043444223702,-1
"489",29.6787219122052,29.6664713416249,-1
"490",16.9467677362263,51.3949748128653,1
"491",-72.3877074662596,-39.7696956060827,1
"492",55.5021367967129,-36.3657133188099,-1
"493",-98.8030792679638,33.4726970177144,1
"494",-41.9152995105833,-17.4074167851359,1
"495",-40.8909327350557,54.0362989064306,1
"496",19.506915519014,-60.3056058287621,-1
"497",-35.1135183591396,30.4570051375777,1
"498",-56.3712381757796,-61.7904290556908,-1
"499",14.5010474137962,15.2828260790557,-1
"500",-72.6956507191062,-75.2041400410235,-1
"501",-26.5033491421491,46.1479457560927,1
"502",-56.4680264797062,-41.3251850288361,1
"503",-86.980629619211,-22.9599370155483,1
"504",10.8220890164375,12.3278608545661,-1
"505",-9.2860157135874,32.4132682289928,1
"506",-33.130523795262,-49.5336541905999,-1
"507",18.6755014583468,-44.4848827086389,-1
"508",-76.7027906142175,-0.370315508916974,1
"509",44.6657535154372,12.8152417950332,-1
"510",-81.5404643770307,97.000445285812,1
"511",-32.5863844249398,31.3497288152575,1
"512",0.580571638420224,-50.2592784352601,-1
"513",-64.3868270330131,-9.47177242487669,1
"514",69.2732541821897,-18.851405987516,-1
"515",-37.7341610845178,45.6775118131191,1
"516",-24.6234789956361,-29.2735948227346,-1
"517",6.28566835075617,-20.5532702151686,-1
"518",-22.8368239942938,43.7798349186778,1
"519",5.07070268504322,43.7031826935709,1
"520",-12.4431401025504,-66.1924754735082,-1
"521",-61.0654225572944,-21.9905120786279,1
"522",-12.0335053186864,-56.7229893058538,-1
"523",-87.0173089206219,51.0370464529842,1
"524",-32.4874295853078,-42.9439847823232,-1
"525",-34.9025449249893,-67.8879169281572,-1
"526",58.8003876619041,97.581866197288,1
"527",78.8435308262706,-20.883139455691,-1
"528",7.93352904729545,85.3118341881782,1
"529",52.0866295322776,62.3565083835274,-1
"530",-51.8580702599138,17.4973642919213,1
"531",-91.9712901115417,-26.5546555630863,1
"532",54.0818562731147,-25.0733225140721,-1
"533",-42.6035984884948,-28.976999502629,1
"534",36.9474931620061,-35.8575380872935,-1
"535",-95.3439818229526,-97.4311680067331,-1
"536",-30.8410065248609,-39.4512725062668,-1
"537",-29.4991130940616,38.1674296222627,1
"538",49.64640121907,78.7490328308195,1
"539",28.7835254799575,51.9061697646976,1
"540",-48.0858428403735,-78.5362355876714,-1
"541",76.8547340296209,-73.0351170524955,-1
"542",83.9627156499773,-67.2161252237856,-1
"543",-10.796039365232,-2.95538962818682,-1
"544",9.39756818115711,20.5442177131772,-1
"545",60.0604205392301,90.1298726908863,1
"546",92.1305384952575,-32.6111082453281,-1
"547",-39.7039479576051,68.8653834164143,1
"548",-94.7377656586468,5.53565071895719,1
"549",-7.14430520310998,61.7810563184321,1
"550",-82.7811407390982,1.67470127344131,1
"551",17.3772912006825,-83.641153620556,-1
"552",4.02037571184337,-22.5362341385335,-1
"553",90.1427456643432,-46.8684075400233,-1
"554",48.3160621486604,88.212836207822,1
"555",-2.60403058491647,34.6558705437928,1
"556",-48.5617905855179,-35.6927985325456,1
"557",-93.4760400094092,45.2849127817899,1
"558",-44.6209895424545,95.7202371675521,1
"559",-95.2789773233235,-88.681374117732,-1
"560",97.0561164431274,-24.3187721818686,-1
"561",-91.3063485175371,14.2616228666157,1
"562",72.3446915391833,8.32497766241431,-1
"563",38.9871859923005,26.710187131539,-1
"564",-44.3653301801533,81.5050033852458,1
"565",-87.2185521293432,-45.3768405597657,1
"566",-86.9868879206479,-57.9223005101085,1
"567",-47.1467469353229,-28.7211479153484,1
"568",-35.0636329967529,-43.7449316959828,-1
"569",-51.1690991930664,-45.541909802705,-1
"570",-99.1331685334444,-74.1266190540045,1
"571",23.9225566387177,-53.2572154421359,-1
"572",58.0498677212745,62.4571334570646,1
"573",64.0569931361824,-97.0070326700807,-1
"574",-69.9080298654735,-13.0814635194838,1
"575",16.5442400611937,-95.4218223225325,-1
"576",-52.00189887546,-17.5359129905701,1
"577",-96.73653668724,-68.2866600807756,1
"578",76.4459531288594,48.9610544871539,-1
"579",-33.1631362903863,-38.0495236255229,-1
"580",-17.5405786838382,-99.6455822139978,-1
"581",40.1581498794258,-3.34965330548584,-1
"582",-54.3428674805909,-39.4598735496402,1
"583",-85.8683422207832,43.2378957979381,1
"584",85.0569494068623,-28.1548124738038,-1
"585",21.1249681655318,40.4482627753168,1
"586",-20.0730507727712,32.7413689345121,1
"587",-26.86687130481,69.0708988811821,1
"588",93.3662767056376,97.7566142566502,-1
"589",-22.3789901472628,76.3704536482692,1
"590",61.2827488221228,-23.4970933292061,-1
"591",82.4197261128575,44.1242442000657,-1
"592",43.8001484144479,23.9067668560892,-1
"593",-53.891760809347,76.1474451981485,1
"594",62.0231516193599,91.5403426159173,1
"595",82.6495087239891,-85.6196427717805,-1
"596",-12.3069965280592,86.9056088849902,1
"597",-74.3491009343415,-24.2634489201009,1
"598",14.930162858218,37.7382578793913,1
"599",38.3366608992219,-54.0100825950503,-1
"600",-29.6689667273313,60.6200970709324,1
"601",47.5645944941789,-71.4046847075224,-1
"602",6.7693093791604,-5.67639437504113,-1
"603",-93.7639131676406,-61.9218533392996,1
"604",3.77915753051639,77.95728771016,1
"605",-5.5325148627162,-3.404346620664,-1
"606",-27.510916814208,-62.5534588005394,-1
"607",94.8840838391334,47.1605627331883,-1
"608",-26.6299483366311,-10.6981319840997,1
"609",-27.3011276498437,-19.5327141322196,-1
"610",0.0687127001583576,80.8302977588028,1
"611",27.3477014154196,59.3634497839957,1
"612",48.3680603094399,10.1471251342446,-1
"613",-85.0648386403918,-0.754417385905981,1
"614",-21.6250076889992,-47.6713263895363,-1
"615",84.4724810216576,2.52543929964304,-1
"616",-77.1966197527945,-47.4728987086564,1
"617",-89.229633891955,59.1377291828394,1
"618",22.0516895409673,60.1126598194242,1
"619",21.3052508421242,-34.9725385662168,-1
"620",-84.7272029612213,-41.0626751370728,1
"621",-72.7674862835556,-8.66790967993438,1
"622",-48.2854536734521,-45.9437952842563,-1
"623",-62.3295388650149,3.09012020006776,1
"624",95.988813880831,17.3461411613971,-1
"625",66.162214288488,87.1477563865483,1
"626",20.8765365183353,58.4337275009602,1
"627",-43.2670996990055,36.2040997017175,1
"628",-59.5872027799487,-51.2976157478988,-1
"629",88.4287601336837,-21.0338105913252,-1
"630",51.8873690627515,-48.6891272477806,-1
"631",-59.3149622436613,18.1542863603681,1
"632",80.6576802860945,68.258891440928,-1
"633",42.7348059602082,-4.77961213327944,-1
"634",34.2090346850455,-8.02882770076394,-1
"635",63.3878080639988,-41.7539010755718,-1
"636",68.0160204414278,16.7376784142107,-1
"637",92.5523442681879,85.9641869086772,-1
"638",25.5355425179005,-37.3533695936203,-1
"639",-14.8780231364071,-69.2452301736921,-1
"640",41.3743332028389,26.0455020703375,-1
"641",-41.7874660808593,-8.09265216812491,1
"642",59.3138250987977,4.56442539580166,-1
"643",-48.1368373613805,96.2171611841768,1
"644",-98.0025776661932,23.750375257805,1
"645",55.8220742736012,-46.1107743903995,-1
"646",-69.0391615964472,-86.7197461891919,-1
"647",71.682505775243,28.9569513872266,-1
"648",-44.6759118232876,20.1694839634001,1
"649",-79.0092400740832,71.0729415062815,1
"650",88.4990284219384,-27.6262349449098,-1
"651",-72.7317339740694,17.5189780071378,1
"652",-93.3701832778752,-64.0184712130576,1
"653",44.1200111061335,-2.40484760142863,-1
"654",-52.3216520436108,3.81206315942109,1
"655",79.2466442100704,22.1217337064445,-1
"656",66.1535495892167,51.1101106181741,-1
"657",96.1458045057952,16.4629669860005,-1
"658",7.59757435880601,-85.9355721157044,-1
"659",-31.8224413786083,77.7176658622921,1
"660",-73.9213596563786,-61.7950403597206,1
"661",9.74883390590549,-50.1696175895631,-1
"662",63.0124553572387,42.7883298136294,-1
"663",51.5479187015444,-47.0358313526958,-1
"664",70.8886346779764,60.2171293459833,-1
"665",-27.8881214093417,-78.669080324471,-1
"666",-14.6700588054955,-59.58770099096,-1
"667",-13.5108979884535,-22.0654154196382,-1
"668",-12.6347453333437,-65.1744571048766,-1
"669",0.244578951969743,-29.6783467754722,-1
"670",14.3657423555851,-46.730013564229,-1
"671",-85.0572782568634,-95.5978158395737,-1
"672",74.8917105607688,99.7771740891039,1
"673",67.9241480771452,27.4311000946909,-1
"674",-91.8651267420501,-96.0369397886097,-1
"675",68.9616936258972,-67.5427541136742,-1
"676",62.9965926520526,-38.119877781719,-1
"677",96.0810692515224,67.3364272341132,-1
"678",18.3650055434555,-81.9243428763002,-1
"679",35.2417398709804,-78.9401407819241,-1
"680",-43.4986374340951,18.8769505359232,1
"681",-58.1917783711106,-63.6956678703427,-1
"682",-46.8385221902281,-38.8952310662717,-1
"683",59.337278502062,41.5975227020681,-1
"684",70.1341651380062,68.7237558420748,-1
"685",-65.855378517881,16.5540454443544,1
"686",-3.21630048565567,-32.3272672016174,-1
"687",-8.28982354141772,-92.8419615607709,-1
"688",99.0712278522551,-62.8294385038316,-1
"689",-76.565703516826,-79.3079800438136,-1
"690",94.0238041337579,92.9012558888644,-1
"691",71.1185871623456,-60.7677642721683,-1
"692",35.3514146059752,61.3420414272696,1
"693",47.7146080229431,-97.050314815715,-1
"694",88.3480170276016,12.1196935418993,-1
"695",-57.2163721080869,-39.6228269208223,1
"696",-16.6905226651579,-98.8454465288669,-1
"697",-85.9408424701542,88.4085394442081,1
"698",66.7615738231689,-91.3696873001754,-1
"699",57.8350546304137,0.932597788050771,-1
"700",28.5505549516529,-12.5770369078964,-1
"701",65.9314493183047,-99.5355441700667,-1
"702",-67.8021486848593,-76.1811793781817,-1
"703",-37.3478555120528,-20.4012284521013,1
"704",32.1432416327298,-10.8571071177721,-1
"705",-30.5295145604759,-42.568459874019,-1
"706",-17.8643927909434,-82.2796367574483,-1
"707",98.4834977891296,-44.6026528719813,-1
"708",-93.8574101310223,44.0779985394329,1
"709",17.9722660221159,-79.2255223263055,-1
"710",-92.6564979832619,-27.3567958269268,1
"711",-9.77361379191279,-5.05242398940027,-1
"712",-20.1858922373503,22.7215621620417,1
"713",35.7452836353332,13.0271587520838,-1
"714",-76.6771342139691,74.0292255301028,1
"715",-30.8131182566285,89.0763093251735,1
"716",-50.6313946098089,-78.5396903753281,-1
"717",48.4839178156108,49.7634040657431,-1
"718",-28.3535196911544,59.3423945363611,1
"719",84.1567543335259,89.9952245876193,-1
"720",-6.17835368029773,-94.3775158841163,-1
"721",94.0231647342443,-0.695425504818559,-1
"722",58.3124066703022,-73.2026477809995,-1
"723",-92.9901354480535,-33.8383101392537,1
"724",-83.2434264943004,-59.6436969004571,1
"725",80.9496404603124,-50.7357425056398,-1
"726",-62.2566366102546,-53.0818722210824,1
"727",-15.7392328139395,80.8289967477322,1
"728",-78.477657912299,-62.4096431303769,1
"729",87.485829833895,0.0638066325336695,-1
"730",-66.0415737889707,42.8500876296312,1
"731",-24.988205358386,83.0656948499382,1
"732",10.6404861435294,3.87274976819754,-1
"733",4.83049303293228,66.4795066229999,1
"734",-41.4908859878778,89.0796304680407,1
"735",-97.5107149686664,3.47357862628996,1
"736",-71.2887212168425,-45.5015391577035,1
"737",21.3928850833327,74.6289959643036,1
"738",86.5517919883132,-99.2879317607731,-1
"739",16.9884656555951,17.606301093474,-1
"740",-3.35082090459764,68.7988535501063,1
"741",-84.4520157203078,12.691661529243,1
"742",-92.867233324796,-84.7211844753474,-1
"743",-94.8500275611877,-51.214550761506,1
"744",69.1565038636327,-44.6384970098734,-1
"745",64.9943660013378,-94.0098744817078,-1
"746",62.6370384823531,-81.0906176455319,-1
"747",44.4517637602985,-75.6738466210663,-1
"748",-99.9644077382982,-56.580419652164,1
"749",-38.7056414037943,7.67615986987948,1
"750",-77.7792436536402,-88.9948593918234,-1
"751",-50.3042615484446,-15.62006236054,1
"752",77.7477295603603,78.7316293921322,-1
"753",-36.6584488190711,90.9640574362129,1
"754",80.5390147026628,-68.1639218237251,-1
"755",22.2340398933738,77.8958414215595,1
"756",-70.1314838137478,7.99768874421716,1
"757",-34.8721917718649,-20.3051191288978,1
"758",-96.238373266533,13.712767418474,1
"759",21.9775272067636,-32.50538026914,-1
"760",58.0404873006046,-11.3934847526252,-1
"761",57.3420265223831,-21.4777569752187,-1
"762",-67.5049586221576,18.3126713614911,1
"763",-13.1368262227625,-80.539542157203,-1
"764",-52.7781697455794,-57.5490982271731,-1
"765",-3.74221107922494,72.2945728339255,1
"766",8.3686703350395,85.2011514361948,1
"767",42.3153521027416,41.0460099112242,-1
"768",40.8355419989675,-14.911174075678,-1
"769",-34.2261461075395,-72.3360958043486,-1
"770",17.1395174693316,54.4353681616485,1
"771",35.2338587399572,-17.2102790791541,-1
"772",19.5940501056612,-19.8772311676294,-1
"773",-19.0383775625378,92.8461420349777,1
"774",-33.4242896642536,-24.8853032011539,-1
"775",81.0307417996228,72.2258631139994,-1
"776",40.2664433699101,-67.1199450735003,-1
"777",-15.0916011072695,7.85831976681948,1
"778",87.6500992104411,12.7432793844491,-1
"779",10.7109454460442,4.0899720042944,-1
"780",74.5371229946613,54.7027126420289,-1
"781",68.7958411872387,-87.2474546078593,-1
"782",68.745801365003,-46.4739008340985,-1
"783",7.42861363105476,50.4827226977795,1
"784",-58.0338714178652,-24.0241840016097,1
"785",-18.74272916466,-5.5364593397826,1
"786",86.478314595297,-81.5210050437599,-1
"787",-57.2591919451952,-35.3246440645307,1
"788",53.2724192831665,98.0649630539119,1
"789",72.5932216737419,-81.7639348097146,-1
"790",12.1884075459093,0.975882913917303,-1
"791",-15.411065518856,-94.0075389109552,-1
"792",-99.5806304272264,45.59993497096,1
"793",-42.8821152541786,-45.468936720863,-1
"794",-2.59314444847405,-97.7406952530146,-1
"795",42.5067593809217,72.9950117412955,1
"796",4.6335828024894,-2.2502473089844,-1
"797",-67.1524322126061,44.1112480591983,1
"798",16.5367572568357,93.7600573524833,1
"799",-89.1266322694719,-13.2742642890662,1
"800",84.7410887014121,-85.540971532464,-1
"801",12.6469404436648,-83.5793711710721,-1
"802",77.0318428520113,-85.3407192509621,-1
"803",-84.1912559699267,-73.8966746721417,1
"804",-41.989249130711,54.159239679575,1
"805",99.0815960802138,-12.944552488625,-1
"806",27.1016270853579,31.0558237601072,-1
"807",-43.3582961559296,-28.9122149348259,1
"808",12.146711954847,-25.3678204026073,-1
"809",-46.9095807056874,85.3484655264765,1
"810",89.8453129455447,97.7004327345639,1
"811",29.8056545201689,57.2638224810362,1
"812",11.6537778638303,22.7395456749946,1
"813",46.522649563849,84.3701163306832,1
"814",95.3600963111967,-20.7430857233703,-1
"815",14.1073811799288,78.619912546128,1
"816",-75.8736677467823,-88.1520464550704,-1
"817",2.21104812808335,70.4497890081257,1
"818",6.12823502160609,-97.1033153124154,-1
"819",86.4205514080822,8.76189302653074,-1
"820",-10.4734614491463,-81.165876891464,-1
"821",45.3257344197482,-14.3979664891958,-1
"822",16.9476747512817,74.3986554909497,1
"823",30.9342267923057,83.3167019300163,1
"824",-87.3801852110773,-0.426828349009156,1
"825",-23.1226750649512,52.4552904535085,1
"826",-99.4963507633656,73.0506580788642,1
"827",-99.793844576925,-54.4929858762771,1
"828",-90.1204323861748,-49.6842836029828,1
"829",-78.9307381492108,66.5082588791847,1
"830",62.8265406005085,-0.204624654725194,-1
"831",24.7997066006064,-15.8035126514733,-1
"832",50.1859411597252,-14.6793677937239,-1
"833",76.3951180037111,71.7732114251703,-1
"834",34.1207506135106,-45.3906449489295,-1
"835",38.3962799794972,-47.8709482122213,-1
"836",-82.8189814463258,-43.8281458802521,1
"837",68.4458376839757,71.6576249338686,-1
"838",34.4386442098767,51.9053825177252,-1
"839",-71.126004261896,63.5066167451441,1
"840",20.1242603361607,1.88831514678895,-1
"841",-11.1048887483776,-70.0031130574644,-1
"842",21.485005132854,84.4458451028913,1
"843",-93.4155387803912,-44.7774263098836,1
"844",64.4082560203969,35.3454058524221,-1
"845",-60.8329152688384,14.3235645722598,1
"846",43.790353089571,-66.7850312776864,-1
"847",24.7685568872839,-7.71519741974771,-1
"848",-11.7934969719499,89.8565713316202,1
"849",12.3907921370119,-48.5772833693773,-1
"850",-4.40482818521559,87.9761422052979,1
"851",1.08955507166684,76.8648589029908,1
"852",47.3223827313632,84.3959137797356,1
"853",71.6656331438571,-20.1477354392409,-1
"854",-28.4760948736221,57.8948312439024,1
"855",49.0120203234255,13.0602691322565,-1
"856",89.3825741950423,31.221947260201,-1
"857",-36.9531370233744,75.1510673202574,1
"858",-57.4513544328511,-25.4673711955547,1
"859",11.9995176326483,62.9990817047656,1
"860",-97.0345898065716,97.5321101024747,1
"861",-62.2327660210431,-87.5625748652965,-1
"862",-52.0986961666495,71.8624179717153,1
"863",87.7387668006122,38.1872208788991,-1
"864",8.24998747557402,-34.6834117546678,-1
"865",47.9894313961267,83.2160194404423,1
"866",-77.9884434305131,59.3169040512294,1
"867",2.90173362009227,65.109441941604,1
"868",-74.215796822682,89.9138199631125,1
"869",14.3333492800593,-78.7945285905153,-1
"870",85.7010168489069,-57.8186400700361,-1
"871",38.2211349438876,42.0022476930171,-1
"872",30.8536450844258,-26.5279865823686,-1
"873",-44.4161962717772,41.5229602251202,1
"874",96.8298252206296,47.2249173093587,-1
"875",-1.13962269388139,-63.5129518341273,-1
"876",9.43443276919425,-95.691644679755,-1
"877",-14.5973094273359,35.5489959940314,1
"878",64.2654995899647,97.0677495002747,1
"879",-95.1898152939975,-57.1861276868731,1
"880",-49.9902265612036,74.5970986317843,1
"881",69.871993130073,99.7127040755004,1
"882",-34.6140774898231,-51.6912423074245,-1
"883",3.47646470181644,97.4428234621882,1
"884",-12.80388366431,-70.7236846443266,-1
"885",13.0414629355073,75.3997444640845,1
"886",62.3941520694643,-43.7082874123007,-1
"887",39.4330616574734,89.8328904993832,1
"888",-7.4002334382385,-38.297819904983,-1
"889",14.1951554920524,79.9260610714555,1
"890",-16.1692698951811,4.19256435707211,1
"891",95.106331538409,88.8048460241407,-1
"892",41.9069405179471,36.0884652473032,-1
"893",-11.2801281735301,68.5743030626327,1
"894",20.5002323724329,11.6495659109205,-1
"895",-31.4612794201821,-8.72611845843494,1
"896",-71.7235330492258,51.2205567210913,1
"897",39.1279607079923,-47.8979524690658,-1
"898",76.4204315841198,0.761101813986897,-1
"899",-8.96316203288734,40.8150443807244,1
"900",9.71069005317986,-16.9442400801927,-1
"901",-4.97087319381535,76.0522969998419,1
"902",89.729913463816,-15.338723314926,-1
"903",92.9936346132308,30.0108710303903,-1
"904",-70.4822026658803,-40.3643079102039,1
"905",-70.4718428198248,5.30137624591589,1
"906",-39.791529532522,8.2158075645566,1
"907",57.5813887175173,-34.9674344994128,-1
"908",-94.977346714586,-21.7375131323934,1
"909",-73.360402090475,38.6744923423976,1
"910",10.8155834954232,12.1634971816093,-1
"911",-33.6521454155445,32.6296140439808,1
"912",-34.4144068192691,69.3075596820563,1
"913",-99.0999017842114,-55.6214901618659,1
"914",56.3617536332458,-56.0372969135642,-1
"915",94.5535526610911,-5.90315614826977,-1
"916",10.6136470101774,55.2093429490924,1
"917",-64.4405237399042,44.0704098902643,1
"918",-20.7947147078812,96.8901757150888,1
"919",-45.1736208517104,-77.6299669407308,-1
"920",11.1405678559095,-19.0272017847747,-1
"921",59.8389223683625,75.5339694209397,-1
"922",-43.7570036854595,-88.5595289524645,-1
"923",39.4318042788655,78.0384223442525,1
"924",68.6070370022207,-42.1265338081867,-1
"925",58.2223395351321,-5.54697327315807,-1
"926",-59.0249025728554,-51.2892335187644,-1
"927",-38.1855874788016,96.9786041881889,1
"928",89.008237188682,95.3561235684901,-1
"929",-28.0093512963504,-47.4314909894019,-1
"930",30.7856863364577,73.7734498921782,1
"931",88.1775304209441,85.1900430861861,-1
"932",-85.5084065813571,-77.1062804851681,1
"933",84.8430505953729,-41.0730147734284,-1
"934",60.6657646596432,-43.723797891289,-1
"935",-66.0928307566792,91.7143621481955,1
"936",-78.441450279206,41.3639036472887,1
"937",60.2460355032235,-25.2354694530368,-1
"938",87.8160560969263,-1.53713584877551,-1
"939",39.5922916010022,-86.8787912651896,-1
"940",55.6148814968765,33.6991109419614,-1
"941",-74.3534435052425,-44.7931765113026,1
"942",14.7357419133186,50.6295792758465,1
"943",-57.6678744982928,-31.2961634714156,1
"944",94.953275937587,-19.5121844299138,-1
"945",12.6569292508066,89.2719827592373,1
"946",35.9609548002481,-98.0164344422519,-1
"947",43.6918577179313,62.7062163781375,1
"948",86.5767509676516,-85.3827689308673,-1
"949",54.773869831115,-36.2903761211783,-1
"950",-50.6242498755455,-75.0932951457798,-1
"951",63.4681992698461,20.9289269056171,-1
"952",58.828568411991,61.1341295298189,1
"953",81.0370414052159,72.3651910200715,-1
"954",78.1413883902133,-13.2167569361627,-1
"955",-62.8923438489437,-36.5167697891593,1
"956",16.9235612265766,-55.305954720825,-1
"957",-1.07229850254953,49.5623985305429,1
"958",-24.0160808898509,-94.4169121794403,-1
"959",15.8764739986509,-90.5072086490691,-1
"960",6.58229463733733,36.6499925963581,1
"961",-56.1141224578023,54.3224278837442,1
"962",-69.830170692876,-73.4002405777574,-1
"963",-34.8014783114195,73.9425972569734,1
"964",88.9901803806424,-66.6642088908702,-1
"965",40.463194437325,6.62742382846773,-1
"966",75.5159740801901,22.7292869705707,-1
"967",21.2620677892119,71.0123618133366,1
"968",9.18559012934566,-89.8959655314684,-1
"969",63.9741664752364,92.7038143388927,1
"970",9.90909868851304,-24.934783577919,-1
"971",1.04860793799162,-27.1936365403235,-1
"972",-39.3950716592371,79.4059560168535,1
"973",-66.4479124359787,26.4788941480219,1
"974",73.6624032724649,56.0111792292446,-1
"975",-60.2601507212967,-13.6131720617414,1
"976",-82.8152881935239,-40.7879680395126,1
"977",-89.63657412678,98.1328804977238,1
"978",34.1729446779937,88.6605664156377,1
"979",-46.255716169253,63.8127270154655,1
"980",-99.3248227052391,4.05469406396151,1
"981",68.245440768078,27.9367850162089,-1
"982",66.66414802894,-24.3369399104267,-1
"983",-97.5989466533065,69.7767204605043,1
"984",99.1855221334845,79.686164855957,-1
"985",50.7941079791635,-61.3534764386714,-1
"986",50.2322176005691,64.2014309298247,1
"987",79.6638344414532,-82.9323086887598,-1
"988",-69.2579669412225,89.8247630801052,1
"989",-74.5794160291553,90.3436676133424,1
"990",78.3901987597346,-36.9290927425027,-1
"991",-19.1369873005897,29.9658281728625,1
"992",63.5897677391768,-47.8037430439144,-1
"993",-41.1804481875151,0.991446804255247,1
"994",75.6521809380502,-60.8311032410711,-1
"995",11.597953364253,-44.3016499746591,-1
"996",17.1311924234033,32.9067233484238,1
"997",77.7971030212939,-92.0599710196257,-1
"998",64.458348415792,-54.1142947971821,-1
"999",-75.046530039981,58.9223679155111,1
"1000",-26.0638325475156,87.5689579639584,1
